driverId,name,ssn,location,certified,wage-plan

10,Ashley King,198-94-1933,"03108 Michael Rapid Apt. 492
Wellsburgh, AL 50996",N,hours

11,Catherine Reeves,221-25-3796,"005 Linda Squares Apt. 003
Johnsonshire, NC 95059",N,miles

12,Alexis Thomas,583-59-9632,"53489 Kristopher Place Apt. 216
Chaveztown, KS 72833",Y,miles

13,Paul Morris,032-04-9758,"629 Michael Hollow Apt. 706
West Stephen, WV 31637",N,miles

14,Debra Mccarty,501-45-8885,"6727 Mckenzie Ford
Cynthiaberg, MP 71051",Y,hours

15,Samantha Khan,340-34-5574,"17627 Derek Extensions Apt. 235
Garyland, MA 39852",N,miles

16,Allen Fletcher,719-53-5193,"USCGC Wells
FPO AA 72385",Y,hours

17,Peter Cook,339-88-3036,"071 Christopher Highway Apt. 625
West Mary, IA 13423",N,hours

18,Mary Smith,019-62-3296,"268 Marcus Ranch Apt. 269
Christinachester, LA 53169",N,miles

19,Kelli Martinez,710-73-6609,"470 Hall Valleys
East Sabrinaburgh, MA 32522",N,hours

20,Oscar Moody,265-47-9322,"8386 Valentine Vista Apt. 838
Coleshire, MO 54712",Y,hours

21,Veronica Carson,628-85-6649,"27428 Christopher Lane Apt. 772
Youngville, IA 79676",Y,miles

22,Debbie Bonilla,652-54-9680,"8762 Thompson Valley
West Edwin, CT 58246",Y,hours

23,Adam Robinson,682-96-3549,"823 Snyder Orchard
Stephenschester, IL 43594",Y,miles

24,Megan Lee,043-45-4790,"04479 Aaron Ville Suite 762
North Anna, AR 03869",N,hours

25,Julie Martin,262-04-2792,"0165 Danielle Hills
Davistown, DC 64663",N,hours

26,Erica Marshall,090-06-3729,"1675 Douglas Squares
Christopherville, MI 32906",Y,miles

27,Theresa Riley,631-47-0738,"983 Michelle Keys
West Crystalstad, AZ 18035",Y,hours

28,Gabriel Fox,251-18-1401,"48216 Stacey Stream Apt. 281
Stewartburgh, AL 39672",N,hours

29,Sara Heath,049-59-0062,"729 Samantha Squares Suite 943
Lake Jenna, MI 79164",Y,hours

30,James Nolan,136-44-0782,"USCGC Alexander
FPO AE 97050",N,miles

31,Jasmine Cuevas,788-61-3053,"8537 Ashley Prairie
Simpsonborough, NH 91902",N,miles

32,Emily Osborne,639-37-6498,"345 Mills Causeway
Whiteburgh, MP 60660",N,miles

33,Ronald Tate,341-64-4405,"Unit 1599 Box 7847
DPO AA 06083",N,hours

34,Debra Armstrong,033-63-9802,"6242 Ross Alley
Lake Tracey, UT 79049",N,hours

35,Cynthia Tran,619-03-8476,"300 Estes Via
Esparzafurt, MO 97783",N,miles

36,Casey Perez II,293-72-8670,"364 Reeves Stravenue
West Tina, MI 66305",N,hours

37,Joshua Smith,469-14-7016,"2935 Karen Path Apt. 028
Colinborough, KY 29656",Y,miles

38,Daniel Reyes,450-26-2857,"564 Reynolds Squares
South Rachel, ID 59044",N,hours

39,James Jackson,841-22-9840,"05053 Bishop Ways
North Melissachester, AK 90394",Y,hours

40,Gina Walker,539-51-0548,"66393 Michael Trail Apt. 263
West Heidi, NM 77026",Y,miles

41,Nicholas Christensen,630-17-3596,"13788 William Forest Suite 249
New Jessica, NE 56554",N,hours

42,Angela Thompson,825-10-8925,"66157 Mitchell Skyway
Ryanberg, MD 52142",Y,hours

43,Mark Pratt,075-75-0506,"45982 Patel Causeway Suite 936
South Jenniferborough, VT 14741",N,hours

44,Dale Fletcher,880-37-7605,"81241 Simmons Summit
Beverlyshire, RI 12415",N,hours

45,Dr. Seth Allen MD,144-93-2394,"0143 Chad Mills
Darrylfurt, CA 40428",N,miles

46,Mitchell Russell,667-70-3326,"928 Diana Brook Suite 999
Josephview, NM 19647",N,hours

47,Kari Davis,558-72-9480,"Unit 6781 Box 2056
DPO AA 75663",N,miles

48,Jill Shaw,870-25-1021,"699 Davis Trace Apt. 732
North Kylieport, NH 47905",N,hours

49,Eric Maldonado,040-19-3107,"47673 John Mews Apt. 970
Martintown, NJ 77186",Y,hours

50,William Walker,470-12-2753,"7245 Delgado Pass
South Maryburgh, KS 91111",N,hours

51,Kelsey Lee,892-55-1400,"197 Evans Drives Suite 519
New Annbury, MT 22349",Y,miles

52,Gabriela Ortiz,890-88-7359,"463 Brown Summit Suite 032
Jessicashire, MH 12087",N,hours

53,Miss Leslie Wright,526-89-9335,"914 Fleming Divide
New Jennifer, AZ 92960",N,miles

54,Morgan Richards,589-96-0088,"80730 Justin Ford
East Heatherview, TX 07444",Y,hours

55,Andre Morgan,540-54-4003,"4210 Ann Vista Apt. 954
Matthewhaven, AS 82757",N,hours

56,Daniel Rosales,094-46-4899,"15018 Barr Loaf Suite 821
Lawrencetown, CT 98090",Y,hours

57,Jennifer Singh,104-08-4318,"2464 Holland Crescent Apt. 084
Erictown, HI 82250",N,hours

58,Benjamin Sutton,173-32-4201,"35707 Barnett Knoll
Christinaland, WV 19445",N,hours

59,Matthew Rosario,574-76-5925,"80163 Allen Ridges
Hannahville, MO 98444",Y,hours

60,David Graves,801-84-5369,"2905 Elizabeth Pine Suite 893
Jermaineton, AS 55202",Y,hours

61,Johnny Grant,087-02-3779,"852 Jeremy Via Suite 890
Moralesfort, MS 99109",Y,hours

62,Stephen Smith,245-29-6281,"135 Velasquez Plains
West Michaelbury, ID 14160",Y,miles

63,Krystal Jacobs,876-23-8470,"4409 Rodriguez Centers Suite 369
New Edward, NJ 78025",N,miles

64,Cameron Kidd,607-92-8811,"Unit 6740 Box 8377
DPO AA 92131",N,miles

65,Kristina Myers,662-67-5597,"4743 Campbell Locks Suite 325
Kristinabury, MN 90604",N,miles

66,Amanda Peck,361-38-3847,"67162 Ryan Orchard
Port William, IL 31851",Y,hours

67,Monique Ramirez,460-44-6772,"88595 Jennifer Mountains Suite 199
Lake Robertstad, AL 51547",N,hours

68,Troy Brown,469-01-4337,"09748 Jacob Crescent Apt. 154
Davenporttown, AZ 72560",N,miles

69,Charles Lawrence,004-41-5040,"0367 Thompson Manor
Castilloshire, WY 86076",Y,hours

70,Zachary Beasley,682-27-2702,"PSC 4581, Box 0720
APO AA 18498",Y,miles

71,Derrick Townsend,885-89-8219,"10688 Sara Radial
Knoxshire, IN 98164",N,miles

72,Christina Liu,311-45-4787,"90251 Theresa Manors
Jeremyborough, TX 86475",Y,miles

73,Beth Davies,022-59-4363,"8640 Jeffrey Shoals
South Brandon, AR 93126",Y,hours

74,Robert Turner,708-13-9520,"78647 Valerie Rapids
Kaylafort, MA 20292",Y,hours

75,Gregory Evans,789-86-9121,"6451 Jeffrey Extensions
Smithbury, GA 24760",N,hours

76,Brian Evans,740-55-6614,"8122 Brandon Drives
Lake Patrickport, GU 95412",Y,hours

77,Jennifer Brown,583-63-4303,"367 Russo Row
West Kayla, CO 31407",Y,hours

78,Joseph Schwartz,259-97-6705,"337 Dunn Roads Suite 739
Tatetown, OR 90395",Y,miles

79,James Knight,043-23-6504,"14914 Scott Junction
East Rebecca, CA 52452",Y,miles

80,Barbara Wright,721-84-0209,"PSC 4237, Box 7137
APO AA 47772",Y,miles

81,Angel Reilly,677-13-9405,"866 Park Views Suite 742
East Philip, GA 85005",N,hours

82,Courtney Durham,853-14-5410,"020 Dana Tunnel
Eugenetown, WA 47868",N,hours

83,Mark Perez,729-47-3772,"2323 Martin Locks
Lake Marissa, HI 76709",N,miles

84,Gordon Ramos,255-45-4642,"USNV Anderson
FPO AE 94846",N,hours

85,Jennifer Krueger,238-27-4611,"27925 Hanna Route Apt. 788
North Christine, ID 70663",N,miles

86,Brittany Alexander,224-67-9529,"47873 Paul Underpass Suite 729
Mackland, MD 12581",N,hours

87,Dr. Alexandria Hoffman,407-61-6613,"930 Parks Mountain
Lake William, IL 25425",Y,hours

88,Gary Nelson,131-63-9858,"850 Tyler Expressway Suite 910
Suzanneton, RI 47439",N,hours

89,Sherri Wagner,647-47-7284,"85369 Jessica Summit
Howardborough, GU 05253",Y,hours

90,Manuel Chapman,527-16-8711,"796 Johnson Street Suite 495
Danielstad, AZ 70270",N,miles

91,Ashley Lee,358-94-8245,"65442 Jessica Trail Suite 313
South Michellefurt, VT 36268",Y,hours

92,Tony Norman,077-81-4493,"PSC 8467, Box 5757
APO AA 87346",N,miles

93,Brandon Wright,033-16-9235,"7031 Stewart Circles Suite 887
Andrewburgh, PW 27674",Y,miles

94,Christopher Sparks,588-82-6087,"1895 Boone Creek
Wilsonborough, MO 01614",Y,hours

95,Alyssa Irwin,294-44-2205,"5658 Kyle Gardens
Lake Alexport, NY 98937",N,miles

96,Timothy Garza,570-62-3430,"0936 Li Fields Apt. 364
Lindashire, NV 39034",N,hours

97,Susan Klein,117-94-7398,"5279 Rogers Brooks
Lake Christopher, ME 98172",N,miles

98,Scott Gregory,292-75-8057,"USCGC Hooper
FPO AP 77051",Y,hours

99,Melissa Warner,039-23-3739,"2449 Sparks Lodge
Lake Frankside, KS 39468",Y,hours

100,Danielle Smith,822-02-4287,"8909 Carolyn Key
Jacksonchester, ND 74575",N,hours

101,Evelyn Harrell,450-40-8359,"1700 Smith Ports
Christinafort, DC 59201",Y,miles

102,Andre Williams,870-58-4099,"PSC 0642, Box 3261
APO AE 68606",N,hours

103,Ashlee Graves,516-32-2228,"7175 Santana Route
West Cynthiaville, FM 83069",Y,miles

104,Daniel Lee,870-36-9578,"897 Michael Circle
Scottbury, MI 91613",N,miles

105,Benjamin Miller,129-44-5933,"4988 Melissa Radial Suite 749
Bakerport, IL 94763",Y,miles

106,Shelby Turner,560-79-3708,"402 Nicholson Curve
Theresatown, MO 25593",Y,miles

107,Mary Patterson,365-07-6733,"4199 Bethany Burg
Lake Toniville, MO 53346",N,miles

108,Taylor Flores,090-12-7592,"952 Walker Pine Suite 618
Millerview, NJ 45084",Y,miles

109,Tracy Miller,720-26-8417,"695 Melanie Center
New Jasontown, GU 71515",N,hours

